{"files":{"org_profile.php":{"frameworks":["ejas-3","pg.php","pg.css.grid","pg.image.overlay","pg.insight.events","pg.asset.manager","pg.code-validator","pg.project.items","mat0.97.5","pg.html","pg.components"],"last_page_width":1024},"category.php":{"frameworks":["ejas-3","pg.insight.events","pg.asset.manager","pg.css.grid","pg.image.overlay","pg.project.items","pg.php","pg.code-validator","bs4","pg.html","pg.components"],"last_page_width":1024},"org_details.php":{"frameworks":["ejas-3","pg.php","pg.css.grid","pg.image.overlay","pg.insight.events","pg.asset.manager","pg.code-validator","pg.project.items","mat0.97.5","pg.html","pg.components"],"last_page_width":1024}},"breakpoints":["300px","576px","768px","800px","900px","992px","1200px"],"frameworks":["ejas-3","pg.php","pg.css.grid","pg.image.overlay","pg.insight.events","pg.asset.manager","pg.code-validator","pg.project.items","mat0.97.5","pg.html","pg.components"]}