{"files":{"admin-and-profiles\\index-for-applicant.php":{"frameworks":["ejas","pg.insight.events","pg.css.grid","pg.image.overlay","pg.php","pg.code-validator","pg.project.items","pg.asset.manager","pg.html","pg.components"],"last_page_width":1024},"admin-and-profiles\\applicant-CV.php":{"frameworks":["ejas","pg.insight.events","pg.asset.manager","pg.css.grid","pg.project.items","pg.image.overlay","pg.code-validator","pg.php","pg.html","pg.components"],"last_page_width":1024},"admin-and-profiles\\buttons.html":{"frameworks":["ejas","pg.insight.events","pg.css.grid","pg.image.overlay","pg.code-validator","pg.project.items","pg.asset.manager","pg.html","pg.components"],"last_page_width":1024},"admin-and-profiles\\index.php":{"frameworks":["ejas","pg.insight.events","pg.css.grid","pg.image.overlay","pg.php","pg.code-validator","pg.project.items","pg.asset.manager","pg.html","pg.components"],"last_page_width":1024},"admin-and-profiles\\org-general-info.php":{"frameworks":["ejas","pg.insight.events","pg.css.grid","pg.image.overlay","pg.php","pg.code-validator","pg.project.items","pg.asset.manager","pg.html","pg.components"],"last_page_width":1024},"admin-and-profiles\\applied-jobs-for-applicant-prof.php":{"frameworks":["ejas","pg.insight.events","pg.css.grid","pg.image.overlay","pg.php","pg.code-validator","pg.project.items","pg.asset.manager","pg.html","pg.components"],"last_page_width":1024}},"breakpoints":["576px","768px","992px","1200px"],"frameworks":["ejas","pg.insight.events","pg.css.grid","pg.image.overlay","pg.php","pg.code-validator","pg.project.items","pg.asset.manager","pg.html","pg.components"]}